-- phpMyAdmin SQL Dump
-- version 4.9.7
-- https://www.phpmyadmin.net/
--
-- Host: localhost
-- Generation Time: Nov 06, 2022 at 09:36 PM
-- Server version: 10.4.22-MariaDB
-- PHP Version: 5.6.40

SET SQL_MODE = "NO_AUTO_VALUE_ON_ZERO";
SET AUTOCOMMIT = 0;
START TRANSACTION;
SET time_zone = "+00:00";


/*!40101 SET @OLD_CHARACTER_SET_CLIENT=@@CHARACTER_SET_CLIENT */;
/*!40101 SET @OLD_CHARACTER_SET_RESULTS=@@CHARACTER_SET_RESULTS */;
/*!40101 SET @OLD_COLLATION_CONNECTION=@@COLLATION_CONNECTION */;
/*!40101 SET NAMES utf8mb4 */;

--
-- Database: `silaratt_scanbarcode`
--

-- --------------------------------------------------------

--
-- Table structure for table `tbl_bottle`
--

CREATE TABLE `tbl_bottle` (
  `barcode` varchar(50) NOT NULL,
  `name` varchar(200) NOT NULL,
  `brand` varchar(200) NOT NULL,
  `volume` int(50) NOT NULL,
  `point` int(50) NOT NULL
) ENGINE=InnoDB DEFAULT CHARSET=utf8;

--
-- Dumping data for table `tbl_bottle`
--

INSERT INTO `tbl_bottle` (`barcode`, `name`, `brand`, `volume`, `point`) VALUES
('1111111111111', 'น้ำดื่ม', 'สิงห์', 330, 10),
('1111111111112', 'น้ำอัดลม', 'โค้ก', 325, 10),
('1111111111113', 'น้ำดื่ม', 'สิงห์', 600, 15),
('1234567891111', 'น้ำส้ม', 'แฟนต้า', 10, 10);

-- --------------------------------------------------------

--
-- Table structure for table `tbl_bottle_tran`
--

CREATE TABLE `tbl_bottle_tran` (
  `user_id` int(50) NOT NULL,
  `barcode` varchar(50) NOT NULL,
  `datetime` timestamp NOT NULL DEFAULT current_timestamp(),
  `quantity` int(50) NOT NULL
) ENGINE=InnoDB DEFAULT CHARSET=utf8;

--
-- Dumping data for table `tbl_bottle_tran`
--

INSERT INTO `tbl_bottle_tran` (`user_id`, `barcode`, `datetime`, `quantity`) VALUES
(1, '1111111111111', '2022-10-03 14:58:19', 10),
(1, '1111111111112', '2022-10-03 15:01:18', 1),
(1, '1111111111111', '2022-10-04 11:55:16', 10),
(1, '1111111111111', '2022-10-04 12:10:57', 10),
(1, '1111111111111', '2022-10-04 12:25:57', 10),
(1, '1111111111111', '2022-10-04 12:22:57', 1),
(1, '1111111111111', '2022-10-04 12:23:43', 1),
(1, '1111111111111', '2022-10-04 12:28:54', 1),
(1, '1111111111111', '2022-10-04 12:29:55', 1),
(1, '1111111111111', '2022-10-04 12:30:01', 1),
(1, '1111111111111', '2022-10-04 12:30:09', 1),
(1, '1111111111111', '2022-10-04 12:31:17', 1),
(1, '1111111111111', '2022-10-04 15:29:45', 1),
(1, '1111111111111', '2022-10-04 15:29:50', 1),
(1, '1111111111111', '2022-10-04 15:33:25', 1),
(1, '1111111111111', '2022-10-04 15:33:30', 1),
(2, '1111111111111', '2022-10-04 15:33:44', 1),
(20, '1111111111111', '2022-10-04 15:34:07', 1),
(22, '1111111111111', '2022-10-04 15:34:14', 1),
(1, '1111111111111', '2022-10-08 04:02:08', 1),
(1, '1111111111111', '2022-10-08 04:02:30', 1),
(1, '1111111111111', '2022-10-08 04:02:37', 1),
(1, '1111111111111', '2022-10-08 04:02:42', 1),
(1, '1111111111111', '2022-10-08 04:02:47', 1),
(1, '1111111111111', '2022-10-08 04:02:51', 1),
(1, '11111111111', '2022-10-17 12:19:22', 1),
(1, '11111111111', '2022-10-17 12:19:32', 1),
(1, '11111111111', '2022-10-17 12:19:51', 1),
(1, '1111111111111', '2022-10-17 12:20:21', 1),
(1, '1111111111111', '2022-10-17 12:22:01', 1),
(24, '1111111111111', '2022-10-17 13:37:56', 1),
(24, '1111111111111', '2022-10-17 13:38:11', 1),
(24, '1111111111111', '2022-10-17 13:38:17', 1),
(1, '1111111111111', '2022-10-17 14:01:09', 1),
(1, '1111111111111', '2022-10-17 14:01:28', 1),
(1, '1111111111111', '2022-10-19 14:45:58', 1),
(1, '1111111111111', '2022-10-19 14:55:12', 0),
(1, '1111111111111', '2022-10-19 14:55:13', 0),
(1, '1111111111111', '2022-10-19 14:55:13', 0),
(1, '1111111111111', '2022-10-19 14:55:14', 0),
(1, '1111111111111', '2022-10-19 14:55:14', 0),
(1, '1111111111111', '2022-10-19 14:55:15', 0),
(1, '1111111111111', '2022-10-19 14:55:15', 0),
(1, '1111111111111', '2022-10-19 14:55:16', 0),
(1, '1111111111111', '2022-10-19 14:55:16', 0),
(1, '1111111111111', '2022-10-19 14:55:17', 0),
(1, '1111111111111', '2022-10-19 14:55:17', 0),
(1, '1111111111111', '2022-10-19 14:55:18', 0),
(1, '1111111111111', '2022-10-19 14:55:18', 0),
(1, '1111111111111', '2022-10-19 14:55:19', 0),
(1, '1111111111111', '2022-10-19 14:55:19', 0),
(1, '1111111111111', '2022-10-19 14:55:20', 0),
(1, '1111111111111', '2022-10-19 14:55:20', 0),
(1, '1111111111111', '2022-10-19 14:55:21', 0),
(1, '1111111111111', '2022-10-19 14:55:21', 0),
(1, '1111111111111', '2022-10-19 14:55:21', 0),
(1, '1111111111111', '2022-10-19 14:55:22', 0),
(1, '1111111111111', '2022-10-19 14:55:22', 0),
(1, '1111111111111', '2022-10-19 14:55:23', 0),
(1, '1111111111111', '2022-10-19 14:55:23', 0),
(1, '1111111111111', '2022-10-19 14:55:24', 0),
(1, '1111111111111', '2022-10-19 14:55:24', 0),
(1, '1111111111111', '2022-10-19 14:55:25', 0),
(1, '1111111111111', '2022-10-19 14:55:25', 0),
(1, '1111111111111', '2022-10-19 14:55:26', 0),
(1, '1111111111111', '2022-10-19 14:55:26', 0),
(1, '1111111111111', '2022-10-19 14:55:27', 0),
(1, '1111111111111', '2022-10-19 14:55:27', 0),
(1, '1111111111111', '2022-10-19 14:55:28', 0),
(1, '1111111111111', '2022-10-19 14:55:28', 0),
(1, '1111111111111', '2022-10-19 14:55:29', 0),
(1, '1111111111111', '2022-10-19 14:55:29', 0),
(1, '1111111111111', '2022-10-19 14:55:30', 0),
(1, '1111111111111', '2022-10-19 14:55:30', 0),
(1, '1111111111111', '2022-10-19 14:55:31', 0),
(1, '1111111111111', '2022-10-19 14:55:31', 0),
(1, '1111111111111', '2022-10-19 14:55:32', 0),
(1, '1111111111111', '2022-10-19 14:55:32', 0),
(1, '1111111111111', '2022-10-19 14:55:33', 0),
(1, '1111111111111', '2022-10-19 14:55:33', 0),
(1, '1111111111111', '2022-10-19 14:55:34', 0),
(1, '1111111111111', '2022-10-19 14:55:34', 0),
(1, '1111111111111', '2022-10-19 14:55:34', 0),
(1, '1111111111111', '2022-10-19 14:55:35', 0),
(1, '1111111111111', '2022-10-19 14:55:35', 0),
(1, '1111111111111', '2022-10-19 14:55:36', 0),
(1, '1111111111111', '2022-10-19 14:55:36', 0),
(1, '1111111111111', '2022-10-19 14:55:37', 0),
(1, '1111111111111', '2022-10-19 14:55:37', 0),
(1, '1111111111111', '2022-10-19 14:55:38', 0),
(1, '1111111111111', '2022-10-19 14:55:38', 0),
(1, '1111111111111', '2022-10-19 14:55:39', 0),
(1, '1111111111111', '2022-10-19 14:55:39', 0),
(1, '1111111111111', '2022-10-19 14:55:40', 0),
(1, '1111111111111', '2022-10-19 14:55:40', 0),
(1, '1111111111111', '2022-10-19 14:55:41', 0),
(1, '1111111111111', '2022-10-19 14:55:41', 0),
(1, '1111111111111', '2022-10-19 14:55:42', 0),
(1, '1111111111111', '2022-10-19 14:55:42', 0),
(1, '1111111111111', '2022-10-19 14:55:43', 0),
(1, '1111111111111', '2022-10-19 14:55:43', 0),
(1, '1111111111111', '2022-10-19 14:55:44', 0),
(1, '1111111111111', '2022-10-19 14:55:44', 0),
(1, '1111111111111', '2022-10-19 14:55:45', 0),
(1, '1111111111111', '2022-10-19 14:55:45', 0),
(1, '1111111111111', '2022-10-19 14:55:45', 0),
(1, '1111111111111', '2022-10-19 14:55:46', 0),
(1, '1111111111111', '2022-10-19 14:55:47', 0),
(1, '1111111111111', '2022-10-19 14:55:47', 0),
(1, '1111111111111', '2022-10-19 14:55:48', 0),
(1, '1111111111111', '2022-10-19 14:55:48', 0),
(1, '1111111111111', '2022-10-19 14:55:49', 0),
(1, '1111111111111', '2022-10-19 14:55:49', 0),
(1, '1111111111111', '2022-10-19 14:55:50', 0),
(1, '1111111111111', '2022-10-19 14:55:50', 0),
(1, '1111111111111', '2022-10-19 14:55:50', 0),
(1, '1111111111111', '2022-10-19 14:55:51', 0),
(1, '1111111111111', '2022-10-19 14:55:51', 0),
(1, '1111111111111', '2022-10-19 14:55:52', 0),
(1, '1111111111111', '2022-10-19 14:55:52', 0),
(1, '1111111111111', '2022-10-19 14:55:53', 0),
(1, '1111111111111', '2022-10-19 14:55:53', 0),
(1, '1111111111111', '2022-10-19 14:55:54', 0),
(1, '1111111111111', '2022-10-19 14:55:54', 0),
(1, '1111111111111', '2022-10-19 14:55:55', 0),
(1, '1111111111111', '2022-10-19 14:55:55', 0),
(1, '1111111111111', '2022-10-19 14:55:56', 0),
(1, '1111111111111', '2022-10-19 14:55:56', 0),
(1, '1111111111111', '2022-10-19 14:55:57', 0),
(1, '1111111111111', '2022-10-19 14:55:58', 0),
(1, '1111111111111', '2022-10-19 14:56:55', 0),
(1, '1111111111111', '2022-10-19 14:59:46', 0),
(1, '1111111111111', '2022-10-19 15:00:15', 0),
(1, '1111111111111', '2022-10-19 15:06:48', 1),
(1, '1111111111111', '2022-10-19 15:12:51', 0),
(1, '1111111111111', '2022-10-19 15:26:43', 1),
(1, '1111111111111', '2022-10-19 15:27:14', 1),
(1, '1111111111111', '2022-10-19 15:27:28', 0),
(1, '1111111111111', '2022-10-19 15:27:31', 1),
(1, '1111111111111', '2022-10-19 15:27:34', 1),
(1, '1111111111111', '2022-10-19 15:27:37', 1),
(1, '1111111111111', '2022-10-19 15:27:41', 1),
(1, '1111111111111', '2022-10-19 15:27:42', 1),
(1, '1111111111111', '2022-10-19 15:27:45', 1),
(1, '1111111111111', '2022-10-19 15:27:48', 1),
(1, '1111111111111', '2022-10-19 15:33:11', 1),
(1, '1111111111111', '2022-10-19 15:35:45', 1),
(1, '1111111111111', '2022-10-19 15:36:48', 0),
(1, '1111111111111', '2022-10-19 15:36:51', 1),
(1, '1111111111111', '2022-10-19 15:37:33', 1),
(1, '1111111111111', '2022-10-19 15:37:38', 1),
(1, '1111111111111', '2022-10-19 15:38:07', 0),
(1, '1111111111111', '2022-10-19 15:38:27', 1),
(1, '1111111111111', '2022-10-19 15:39:26', 0),
(1, '1111111111111', '2022-10-19 15:39:37', 1),
(1, '1111111111111', '2022-10-19 15:39:56', 1),
(1, '1111111111111', '2022-10-19 15:42:03', 1),
(1, '1111111111111', '2022-10-21 12:39:29', 0),
(1, '1111111111111', '2022-10-21 12:39:45', 1),
(1, '1111111111111', '2022-10-21 12:40:35', 0),
(1, '1111111111111', '2022-10-21 12:40:48', 1),
(1, '1111111111111', '2022-10-21 12:41:29', 1),
(1, '1111111111111', '2022-10-21 12:42:24', 1),
(1, '1111111111111', '2022-10-21 12:43:01', 1),
(1, '1111111111111', '2022-10-21 12:43:15', 0),
(1, '1111111111111', '2022-10-21 12:43:22', 1),
(1, '1111111111111', '2022-10-21 12:48:48', 0),
(1, '1111111111111', '2022-10-21 12:51:45', 0),
(1, '1111111111111', '2022-10-21 12:55:46', 1),
(1, '1111111111111', '2022-10-21 12:57:54', 0),
(1, '1111111111111', '2022-10-21 12:58:00', 1),
(1, '1111111111111', '2022-10-21 13:05:29', 0),
(1, '1111111111111', '2022-10-21 13:05:36', 1),
(1, '1111111111111', '2022-10-21 13:05:52', 0),
(1, '1111111111111', '2022-10-21 13:06:31', 0),
(1, '1111111111111', '2022-10-21 13:06:37', 1),
(1, '1111111111111', '2022-10-21 13:07:43', 1),
(1, '1111111111111', '2022-10-21 13:12:02', 0),
(1, '1111111111111', '2022-10-21 13:12:30', 0),
(1, '1111111111111', '2022-10-21 13:13:48', 0),
(1, '1111111111111', '2022-10-21 13:14:57', 0),
(1, '1111111111111', '2022-10-21 13:15:06', 0),
(1, '1111111111111', '2022-10-21 13:16:21', 0),
(1, '1111111111111', '2022-10-21 13:19:27', 0),
(1, '1111111111111', '2022-10-21 13:20:31', 0),
(1, '1111111111111', '2022-10-21 13:20:56', 0),
(1, '1111111111111', '2022-10-21 13:23:11', 0),
(1, '1111111111111', '2022-10-21 13:24:44', 0),
(1, '1111111111111', '2022-10-21 13:25:17', 0),
(1, '1111111111111', '2022-10-21 13:26:32', 0),
(1, '1111111111111', '2022-10-21 13:26:54', 0),
(1, '1111111111111', '2022-10-21 13:27:09', 0),
(1, '1111111111111', '2022-10-21 13:32:33', 0),
(1, '1111111111111', '2022-10-21 13:33:39', 0),
(1, '1111111111111', '2022-10-21 13:35:22', 0),
(1, '1111111111111', '2022-10-21 13:35:35', 1),
(1, '1111111111111', '2022-10-21 13:35:38', 1),
(1, '1111111111111', '2022-10-21 13:35:42', 1),
(1, '1111111111111', '2022-10-21 14:26:22', 0),
(1, '1111111111111', '2022-10-21 14:26:28', 1),
(1, '1111111111111', '2022-10-21 14:26:41', 1),
(1, '1111111111111', '2022-10-21 14:26:46', 1),
(1, '1111111111111', '2022-10-21 14:26:51', 1),
(1, '1111111111111', '2022-10-21 14:27:14', 1),
(1, '1111111111111', '2022-10-21 14:27:38', 1),
(1, '1111111111111', '2022-10-21 14:30:01', 0),
(1, '1111111111111', '2022-10-21 14:30:18', 1),
(1, '1111111111111', '2022-10-21 14:30:41', 1),
(1, '1111111111111', '2022-10-21 14:40:37', 1),
(1, '1111111111111', '2022-10-21 14:52:55', 1),
(1, '1111111111111', '2022-10-21 14:53:07', 1),
(1, '1111111111111', '2022-10-21 14:54:42', 1),
(1, '1111111111111', '2022-10-21 16:02:40', 1),
(1, '1111111111111', '2022-10-21 17:05:42', 1),
(1, '1111111111111', '2022-10-23 13:02:03', 1),
(1, '1111111111111', '2022-10-23 14:14:48', 1),
(1, '1111111111111', '2022-10-28 09:51:51', 1),
(1, '1111111111111', '2022-10-31 11:56:27', 0),
(1, '1111111111111', '2022-10-31 11:56:29', 1),
(1, '1111111111111', '2022-10-31 11:56:38', 1),
(1, '1111111111111', '2022-10-31 11:58:18', 1),
(1, '1111111111111', '2022-10-31 12:03:39', 0),
(1, '1111111111111', '2022-10-31 12:03:44', 1),
(1, '1111111111111', '2022-10-31 12:05:43', 1),
(1, '1111111111111', '2022-10-31 12:06:06', 1),
(1, '1111111111111', '2022-10-31 12:06:09', 1),
(1, '1111111111111', '2022-10-31 12:06:11', 1),
(1, '1111111111111', '2022-10-31 12:09:18', 0),
(1, '1111111111111', '2022-10-31 12:09:23', 1),
(1, '1111111111111', '2022-10-31 12:09:27', 1),
(1, '1111111111111', '2022-10-31 12:09:29', 1),
(1, '1111111111111', '2022-10-31 12:09:31', 1),
(1, '1111111111111', '2022-10-31 12:09:33', 1),
(1, '1111111111111', '2022-10-31 12:09:36', 1),
(1, '1111111111111', '2022-10-31 12:09:57', 1),
(1, '1111111111111', '2022-10-31 12:09:58', 1),
(1, '1111111111111', '2022-10-31 12:10:02', 1),
(1, '1111111111111', '2022-10-31 12:10:03', 1),
(1, '1111111111111', '2022-10-31 12:10:06', 1),
(1, '1111111111111', '2022-10-31 12:11:50', 0),
(1, '1111111111111', '2022-10-31 12:11:53', 1),
(1, '1111111111111', '2022-10-31 12:11:57', 1),
(1, '1111111111111', '2022-10-31 12:12:02', 1),
(1, '1111111111111', '2022-10-31 12:12:02', 1),
(1, '1111111111111', '2022-10-31 12:12:05', 1),
(1, '1111111111111', '2022-10-31 12:12:06', 1),
(1, '1111111111111', '2022-10-31 12:12:08', 1),
(1, '1111111111111', '2022-10-31 12:13:07', 1),
(1, '1111111111111', '2022-10-31 12:13:19', 1),
(1, '1111111111111', '2022-10-31 12:13:20', 1),
(1, '1111111111111', '2022-10-31 12:13:23', 1),
(1, '1111111111111', '2022-10-31 12:13:43', 1),
(1, '1111111111111', '2022-10-31 12:13:44', 1),
(1, '1111111111111', '2022-10-31 12:13:45', 1),
(1, '1111111111111', '2022-10-31 12:13:46', 1),
(1, '1111111111111', '2022-10-31 12:13:48', 1),
(1, '1111111111111', '2022-10-31 12:13:49', 1),
(1, '1111111111111', '2022-10-31 12:14:01', 0),
(1, '1111111111111', '2022-10-31 12:14:04', 1),
(1, '1111111111111', '2022-10-31 12:14:07', 1),
(1, '1111111111111', '2022-10-31 12:14:09', 1),
(1, '1111111111111', '2022-10-31 12:14:16', 1),
(1, '1111111111111', '2022-10-31 12:15:50', 1),
(1, '1111111111111', '2022-10-31 12:16:01', 0),
(1, '1111111111111', '2022-10-31 12:17:44', 1),
(1, '1111111111111', '2022-10-31 12:18:15', 1),
(1, '1111111111111', '2022-10-31 12:18:32', 0),
(1, '1111111111111', '2022-10-31 12:18:35', 1),
(1, '1111111111111', '2022-10-31 12:18:38', 1),
(1, '1111111111111', '2022-10-31 12:18:40', 1),
(1, '1111111111111', '2022-10-31 12:18:43', 1),
(1, '1111111111111', '2022-10-31 12:18:44', 1),
(1, '1111111111111', '2022-10-31 12:18:57', 1),
(1, '1111111111111', '2022-10-31 12:18:58', 1),
(1, '1111111111111', '2022-10-31 12:19:01', 1),
(1, '1111111111111', '2022-10-31 12:19:02', 1),
(1, '1111111111111', '2022-10-31 12:19:29', 0),
(1, '1111111111111', '2022-10-31 12:19:31', 1),
(1, '1111111111111', '2022-10-31 12:19:33', 1),
(1, '1111111111111', '2022-10-31 12:19:36', 1),
(1, '1111111111111', '2022-10-31 12:19:39', 1),
(1, '1111111111111', '2022-10-31 12:19:41', 1),
(1, '1111111111111', '2022-10-31 12:19:42', 1),
(1, '1111111111111', '2022-10-31 12:19:44', 1),
(1, '1111111111111', '2022-11-06 14:08:03', 0),
(1, '1111111111111', '2022-11-06 14:27:07', 0),
(1, '1111111111111', '2022-11-06 14:27:17', 1),
(1, '1111111111111', '2022-11-06 14:27:19', 1),
(1, '1111111111111', '2022-11-06 14:27:28', 1),
(1, '1111111111111', '2022-11-06 14:27:30', 1),
(1, '1111111111111', '2022-11-06 14:27:31', 1),
(1, '1111111111111', '2022-11-06 14:27:32', 1),
(1, '1111111111111', '2022-11-06 14:27:36', 1),
(1, '1111111111111', '2022-11-06 14:27:37', 1),
(1, '1111111111111', '2022-11-06 14:27:38', 1),
(1, '1111111111111', '2022-11-06 14:27:39', 1),
(1, '1111111111111', '2022-11-06 14:27:40', 1),
(1, '1111111111111', '2022-11-06 14:27:41', 1),
(1, '1111111111111', '2022-11-06 14:27:42', 1),
(1, '1111111111111', '2022-11-06 14:27:42', 1),
(1, '1111111111111', '2022-11-06 14:27:43', 1),
(1, '1111111111111', '2022-11-06 14:27:44', 1),
(1, '1111111111111', '2022-11-06 14:27:45', 1),
(1, '1111111111111', '2022-11-06 14:27:46', 1),
(1, '1111111111111', '2022-11-06 14:27:47', 1),
(1, '1111111111111', '2022-11-06 14:27:49', 1);

-- --------------------------------------------------------

--
-- Table structure for table `tbl_donate`
--

CREATE TABLE `tbl_donate` (
  `running` int(50) NOT NULL,
  `bottles` int(50) NOT NULL,
  `date` date NOT NULL DEFAULT current_timestamp(),
  `timestamp` timestamp NOT NULL DEFAULT current_timestamp()
) ENGINE=InnoDB DEFAULT CHARSET=utf8;

--
-- Dumping data for table `tbl_donate`
--

INSERT INTO `tbl_donate` (`running`, `bottles`, `date`, `timestamp`) VALUES
(1, 10, '2022-09-27', '2022-09-27 11:50:37'),
(2, 10, '2022-09-27', '2022-09-27 11:50:49'),
(3, 5, '2022-09-27', '2022-09-27 11:50:58'),
(4, 20, '2022-09-27', '2022-09-27 11:51:04'),
(5, 10, '2022-10-04', '2022-10-04 14:45:57'),
(6, 1, '2022-10-04', '2022-10-04 14:48:34'),
(7, 1, '2022-10-04', '2022-10-04 14:48:55'),
(8, 1, '2022-10-04', '2022-10-04 14:49:07'),
(9, 1, '2022-10-04', '2022-10-04 14:49:17'),
(10, 1, '2022-10-04', '2022-10-04 15:28:23'),
(11, 1, '2022-10-04', '2022-10-04 15:28:40'),
(12, 1, '2022-10-17', '2022-10-17 13:39:49'),
(13, 1, '2022-10-17', '2022-10-17 13:40:03'),
(14, 1, '2022-10-17', '2022-10-17 13:40:11'),
(15, 1, '2022-10-17', '2022-10-17 13:40:17'),
(16, 1, '2022-10-17', '2022-10-17 13:52:37'),
(17, 1, '2022-10-17', '2022-10-17 13:52:43'),
(18, 1, '0000-00-00', '2022-10-19 15:29:28'),
(19, 1, '0000-00-00', '2022-10-19 15:29:36'),
(20, 1, '0000-00-00', '2022-10-19 15:29:53'),
(21, 1, '2022-10-19', '2022-10-19 15:30:26'),
(22, 1, '0000-00-00', '2022-10-19 15:32:12'),
(23, 1, '0000-00-00', '2022-10-19 15:32:22'),
(24, 1, '0000-00-00', '2022-10-19 15:33:03'),
(25, 1, '0000-00-00', '2022-10-19 15:33:08'),
(26, 1, '0000-00-00', '2022-10-19 15:35:51'),
(27, 1, '0000-00-00', '2022-10-19 15:36:04'),
(28, 1, '0000-00-00', '2022-10-19 15:36:11'),
(29, 1, '0000-00-00', '2022-10-19 15:36:26'),
(30, 1, '0000-00-00', '2022-10-19 15:36:35'),
(31, 1, '0000-00-00', '2022-10-19 15:42:09'),
(32, 1, '0000-00-00', '2022-10-19 15:42:27'),
(33, 1, '0000-00-00', '2022-10-19 15:42:29'),
(34, 1, '0000-00-00', '2022-10-19 15:42:34'),
(35, 1, '0000-00-00', '2022-10-21 12:41:46'),
(36, 1, '0000-00-00', '2022-10-21 12:41:58'),
(37, 1, '0000-00-00', '2022-10-21 12:42:18'),
(38, 1, '0000-00-00', '2022-10-21 13:36:52'),
(39, 1, '0000-00-00', '2022-10-21 13:46:06'),
(40, 1, '0000-00-00', '2022-10-21 14:28:11'),
(41, 1, '0000-00-00', '2022-10-21 14:28:15'),
(42, 1, '0000-00-00', '2022-10-21 14:28:20'),
(43, 1, '0000-00-00', '2022-10-21 14:28:26'),
(44, 1, '0000-00-00', '2022-10-21 14:52:56'),
(45, 1, '0000-00-00', '2022-10-21 14:53:09'),
(46, 1, '0000-00-00', '2022-10-21 14:54:36'),
(47, 1, '0000-00-00', '2022-10-21 14:54:50'),
(48, 1, '0000-00-00', '2022-10-21 16:02:41'),
(49, 1, '0000-00-00', '2022-10-21 17:05:44'),
(50, 1, '0000-00-00', '2022-10-23 13:03:21'),
(51, 1, '0000-00-00', '2022-10-27 12:46:30'),
(52, 1, '0000-00-00', '2022-10-27 13:02:51'),
(53, 1, '0000-00-00', '2022-10-27 13:02:56'),
(54, 1, '0000-00-00', '2022-10-27 13:03:05'),
(55, 1, '0000-00-00', '2022-10-27 13:27:41'),
(56, 1, '0000-00-00', '2022-10-27 13:32:59'),
(57, 1, '0000-00-00', '2022-10-27 13:35:00'),
(58, 1, '0000-00-00', '2022-10-27 14:21:37'),
(59, 1, '0000-00-00', '2022-10-27 14:21:42'),
(60, 1, '0000-00-00', '2022-10-27 14:36:58'),
(61, 1, '0000-00-00', '2022-10-27 15:53:43'),
(62, 1, '0000-00-00', '2022-10-27 15:53:44'),
(63, 1, '0000-00-00', '2022-10-27 15:55:13'),
(64, 1, '0000-00-00', '2022-10-27 15:58:43'),
(65, 1, '0000-00-00', '2022-10-27 15:58:45'),
(66, 1, '0000-00-00', '2022-10-27 15:58:50'),
(67, 1, '0000-00-00', '2022-10-27 15:58:54'),
(68, 1, '0000-00-00', '2022-10-27 15:58:56'),
(69, 1, '0000-00-00', '2022-10-27 15:58:59'),
(70, 1, '0000-00-00', '2022-10-27 15:59:02'),
(71, 1, '0000-00-00', '2022-10-27 15:59:06'),
(72, 1, '0000-00-00', '2022-10-27 15:59:08'),
(73, 1, '0000-00-00', '2022-10-27 15:59:10'),
(74, 1, '0000-00-00', '2022-10-27 15:59:15'),
(75, 1, '0000-00-00', '2022-10-27 15:59:18'),
(76, 1, '0000-00-00', '2022-10-27 15:59:19'),
(77, 1, '0000-00-00', '2022-10-27 15:59:20'),
(78, 1, '0000-00-00', '2022-10-27 15:59:21'),
(79, 1, '0000-00-00', '2022-10-27 15:59:22'),
(80, 1, '0000-00-00', '2022-10-27 15:59:22'),
(81, 1, '0000-00-00', '2022-10-27 15:59:23'),
(82, 1, '0000-00-00', '2022-10-27 15:59:24'),
(83, 1, '0000-00-00', '2022-10-27 15:59:27'),
(84, 1, '0000-00-00', '2022-10-27 15:59:30'),
(85, 1, '0000-00-00', '2022-10-27 15:59:36'),
(86, 1, '0000-00-00', '2022-10-27 15:59:42'),
(87, 1, '0000-00-00', '2022-10-27 15:59:44'),
(88, 1, '0000-00-00', '2022-10-27 15:59:47'),
(89, 1, '0000-00-00', '2022-10-27 15:59:50'),
(90, 1, '0000-00-00', '2022-10-27 15:59:53'),
(91, 1, '0000-00-00', '2022-10-27 15:59:56'),
(92, 1, '0000-00-00', '2022-10-27 15:59:59'),
(93, 1, '0000-00-00', '2022-10-27 16:00:01'),
(94, 1, '0000-00-00', '2022-10-27 16:00:05'),
(95, 1, '0000-00-00', '2022-10-27 16:00:07'),
(96, 1, '0000-00-00', '2022-10-27 16:00:10'),
(97, 1, '0000-00-00', '2022-10-27 16:00:12'),
(98, 1, '0000-00-00', '2022-10-27 16:00:14'),
(99, 1, '0000-00-00', '2022-10-27 16:00:16'),
(100, 1, '0000-00-00', '2022-10-27 16:00:18'),
(101, 1, '0000-00-00', '2022-10-27 16:00:21'),
(102, 1, '0000-00-00', '2022-10-27 16:00:23'),
(103, 1, '0000-00-00', '2022-10-27 16:00:25'),
(104, 1, '0000-00-00', '2022-10-27 16:00:27'),
(105, 1, '0000-00-00', '2022-10-27 16:00:29'),
(106, 1, '0000-00-00', '2022-10-27 16:00:32'),
(107, 1, '0000-00-00', '2022-10-27 16:00:35'),
(108, 1, '0000-00-00', '2022-10-27 16:00:37'),
(109, 1, '0000-00-00', '2022-10-27 16:00:40'),
(110, 1, '0000-00-00', '2022-10-27 16:00:42'),
(111, 1, '0000-00-00', '2022-10-27 16:00:45'),
(112, 1, '0000-00-00', '2022-10-27 16:00:47'),
(113, 1, '0000-00-00', '2022-10-27 16:00:50'),
(114, 1, '0000-00-00', '2022-10-27 16:00:52'),
(115, 1, '0000-00-00', '2022-10-27 16:00:54'),
(116, 1, '0000-00-00', '2022-10-27 16:00:57'),
(117, 1, '0000-00-00', '2022-10-27 16:00:59'),
(118, 1, '0000-00-00', '2022-10-27 16:01:01'),
(119, 1, '0000-00-00', '2022-10-27 16:01:03'),
(120, 1, '0000-00-00', '2022-10-27 16:01:05'),
(121, 1, '0000-00-00', '2022-10-27 16:01:08'),
(122, 1, '0000-00-00', '2022-10-27 16:01:09'),
(123, 1, '0000-00-00', '2022-10-27 16:01:12'),
(124, 1, '0000-00-00', '2022-10-27 16:01:14'),
(125, 1, '0000-00-00', '2022-10-27 16:01:15'),
(126, 1, '0000-00-00', '2022-10-27 16:01:17'),
(127, 1, '0000-00-00', '2022-10-27 16:01:19'),
(128, 1, '0000-00-00', '2022-10-27 16:01:22'),
(129, 1, '0000-00-00', '2022-10-27 16:01:24'),
(130, 1, '0000-00-00', '2022-10-27 16:01:26'),
(131, 1, '0000-00-00', '2022-10-27 16:01:29'),
(132, 1, '0000-00-00', '2022-10-27 16:01:31'),
(133, 1, '0000-00-00', '2022-10-27 16:01:33'),
(134, 1, '0000-00-00', '2022-10-27 16:01:35'),
(135, 1, '0000-00-00', '2022-10-27 16:01:37'),
(136, 1, '0000-00-00', '2022-10-27 16:01:39'),
(137, 1, '0000-00-00', '2022-10-27 16:01:40'),
(138, 1, '0000-00-00', '2022-10-27 16:01:43'),
(139, 1, '0000-00-00', '2022-10-27 16:01:45'),
(140, 1, '0000-00-00', '2022-10-27 16:01:47'),
(141, 1, '0000-00-00', '2022-10-27 16:01:49'),
(142, 1, '0000-00-00', '2022-10-27 16:01:51'),
(143, 1, '0000-00-00', '2022-10-27 16:01:53'),
(144, 1, '0000-00-00', '2022-10-27 16:01:55'),
(145, 1, '0000-00-00', '2022-10-27 16:01:56'),
(146, 1, '0000-00-00', '2022-10-27 16:01:58'),
(147, 1, '0000-00-00', '2022-10-27 16:02:00'),
(148, 1, '0000-00-00', '2022-10-27 16:02:02'),
(149, 1, '0000-00-00', '2022-10-27 16:02:04'),
(150, 1, '0000-00-00', '2022-10-27 16:02:06'),
(151, 1, '0000-00-00', '2022-10-27 16:02:46'),
(152, 1, '0000-00-00', '2022-10-27 16:03:00'),
(153, 1, '0000-00-00', '2022-10-27 16:03:12'),
(154, 1, '0000-00-00', '2022-10-27 16:03:26'),
(155, 1, '0000-00-00', '2022-10-27 16:03:39'),
(156, 1, '0000-00-00', '2022-10-27 16:03:54'),
(157, 1, '0000-00-00', '2022-10-27 16:03:57'),
(158, 1, '0000-00-00', '2022-10-27 16:03:58'),
(159, 1, '0000-00-00', '2022-10-27 16:04:02'),
(160, 1, '0000-00-00', '2022-10-27 16:04:20'),
(161, 1, '0000-00-00', '2022-10-27 16:04:25'),
(162, 1, '0000-00-00', '2022-10-27 16:04:31'),
(163, 1, '0000-00-00', '2022-10-27 16:04:35'),
(164, 1, '0000-00-00', '2022-10-27 16:04:37'),
(165, 1, '0000-00-00', '2022-10-27 16:04:40'),
(166, 1, '0000-00-00', '2022-10-27 16:04:43'),
(167, 1, '0000-00-00', '2022-10-27 16:04:45'),
(168, 1, '0000-00-00', '2022-10-27 16:04:49'),
(169, 1, '0000-00-00', '2022-10-27 16:04:51'),
(170, 1, '0000-00-00', '2022-10-27 16:04:54'),
(171, 1, '0000-00-00', '2022-10-27 16:04:57'),
(172, 1, '0000-00-00', '2022-10-27 16:05:00'),
(173, 1, '0000-00-00', '2022-10-27 16:05:02'),
(174, 1, '0000-00-00', '2022-10-27 16:05:05'),
(175, 1, '0000-00-00', '2022-10-27 16:05:08'),
(176, 1, '0000-00-00', '2022-10-27 16:05:11'),
(177, 1, '0000-00-00', '2022-10-27 16:05:14'),
(178, 1, '0000-00-00', '2022-10-27 16:05:16'),
(179, 1, '0000-00-00', '2022-10-27 16:05:18'),
(180, 1, '0000-00-00', '2022-10-27 16:05:21'),
(181, 1, '0000-00-00', '2022-10-27 16:05:23'),
(182, 1, '0000-00-00', '2022-10-27 16:05:26'),
(183, 1, '0000-00-00', '2022-10-27 16:05:29'),
(184, 1, '0000-00-00', '2022-10-27 16:05:30'),
(185, 1, '0000-00-00', '2022-10-27 16:05:31'),
(186, 1, '0000-00-00', '2022-10-27 16:05:31'),
(187, 1, '0000-00-00', '2022-10-27 16:05:32'),
(188, 1, '0000-00-00', '2022-10-27 16:05:33'),
(189, 1, '0000-00-00', '2022-10-27 16:05:34'),
(190, 1, '0000-00-00', '2022-10-27 16:05:35'),
(191, 1, '0000-00-00', '2022-10-27 16:05:35'),
(192, 1, '0000-00-00', '2022-10-27 16:05:36'),
(193, 1, '0000-00-00', '2022-10-27 16:05:37'),
(194, 1, '0000-00-00', '2022-10-27 16:05:38'),
(195, 1, '0000-00-00', '2022-10-27 16:05:39'),
(196, 1, '0000-00-00', '2022-10-27 16:05:40'),
(197, 1, '0000-00-00', '2022-10-27 16:05:40'),
(198, 1, '0000-00-00', '2022-10-27 16:05:41'),
(199, 1, '0000-00-00', '2022-10-27 16:05:42'),
(200, 1, '0000-00-00', '2022-10-27 16:05:43'),
(201, 1, '0000-00-00', '2022-10-27 16:05:44'),
(202, 1, '0000-00-00', '2022-10-27 16:05:45'),
(203, 1, '0000-00-00', '2022-10-27 16:05:46'),
(204, 1, '0000-00-00', '2022-10-27 16:05:46'),
(205, 1, '0000-00-00', '2022-10-27 16:05:47'),
(206, 1, '0000-00-00', '2022-10-27 16:05:48'),
(207, 1, '0000-00-00', '2022-10-27 16:05:48'),
(208, 1, '0000-00-00', '2022-10-27 16:05:49'),
(209, 1, '0000-00-00', '2022-10-27 16:06:06'),
(210, 1, '0000-00-00', '2022-10-27 16:06:08'),
(211, 1, '0000-00-00', '2022-10-27 16:06:11'),
(212, 1, '0000-00-00', '2022-10-27 16:06:14'),
(213, 1, '0000-00-00', '2022-10-27 16:06:16'),
(214, 1, '0000-00-00', '2022-10-27 16:06:19'),
(215, 1, '0000-00-00', '2022-10-27 16:06:22'),
(216, 1, '0000-00-00', '2022-10-27 16:06:25'),
(217, 1, '0000-00-00', '2022-10-27 16:06:28'),
(218, 1, '0000-00-00', '2022-10-27 16:06:30'),
(219, 1, '0000-00-00', '2022-10-27 16:06:33'),
(220, 1, '0000-00-00', '2022-10-27 16:06:36'),
(221, 1, '0000-00-00', '2022-10-27 16:06:38'),
(222, 1, '0000-00-00', '2022-10-27 16:06:40'),
(223, 1, '0000-00-00', '2022-10-27 16:06:42'),
(224, 1, '0000-00-00', '2022-10-27 16:06:45'),
(225, 1, '0000-00-00', '2022-10-27 16:06:48'),
(226, 1, '0000-00-00', '2022-10-27 16:06:50'),
(227, 1, '0000-00-00', '2022-10-27 16:06:52'),
(228, 1, '0000-00-00', '2022-10-27 16:06:55'),
(229, 1, '0000-00-00', '2022-10-31 11:11:07'),
(230, 1, '0000-00-00', '2022-10-31 11:11:27'),
(231, 1, '0000-00-00', '2022-10-31 11:11:40'),
(232, 1, '0000-00-00', '2022-10-31 11:11:53'),
(233, 1, '0000-00-00', '2022-10-31 11:12:30'),
(234, 1, '0000-00-00', '2022-10-31 11:12:35'),
(235, 1, '0000-00-00', '2022-10-31 11:12:48'),
(236, 1, '0000-00-00', '2022-10-31 11:13:04'),
(237, 1, '0000-00-00', '2022-10-31 11:13:06'),
(238, 1, '0000-00-00', '2022-10-31 11:13:22'),
(239, 1, '0000-00-00', '2022-10-31 11:13:25'),
(240, 1, '0000-00-00', '2022-10-31 11:13:29'),
(241, 1, '0000-00-00', '2022-10-31 11:13:31'),
(242, 1, '0000-00-00', '2022-10-31 11:13:38'),
(243, 1, '0000-00-00', '2022-10-31 11:13:42'),
(244, 1, '0000-00-00', '2022-10-31 11:13:45'),
(245, 1, '0000-00-00', '2022-10-31 11:13:48'),
(246, 1, '0000-00-00', '2022-10-31 11:13:55'),
(247, 1, '0000-00-00', '2022-10-31 11:13:59'),
(248, 1, '0000-00-00', '2022-10-31 11:14:01'),
(249, 1, '0000-00-00', '2022-10-31 11:14:04'),
(250, 1, '0000-00-00', '2022-10-31 11:14:06'),
(251, 1, '0000-00-00', '2022-10-31 11:14:15'),
(252, 1, '0000-00-00', '2022-10-31 11:17:57'),
(253, 1, '0000-00-00', '2022-10-31 11:20:30'),
(254, 1, '0000-00-00', '2022-10-31 11:21:28'),
(255, 1, '0000-00-00', '2022-10-31 11:55:27'),
(256, 1, '0000-00-00', '2022-10-31 11:55:43'),
(257, 1, '0000-00-00', '2022-10-31 11:56:00'),
(258, 1, '0000-00-00', '2022-10-31 11:56:02'),
(259, 1, '0000-00-00', '2022-10-31 11:56:06'),
(260, 1, '0000-00-00', '2022-10-31 11:56:09'),
(261, 1, '0000-00-00', '2022-10-31 11:56:12'),
(262, 1, '0000-00-00', '2022-10-31 11:56:15'),
(263, 1, '0000-00-00', '2022-10-31 12:06:14'),
(264, 1, '0000-00-00', '2022-10-31 12:06:16'),
(265, 1, '0000-00-00', '2022-10-31 12:06:19'),
(266, 1, '0000-00-00', '2022-10-31 12:06:24'),
(267, 1, '0000-00-00', '2022-10-31 12:06:29'),
(268, 1, '0000-00-00', '2022-10-31 12:06:32'),
(269, 1, '0000-00-00', '2022-10-31 12:06:35'),
(270, 1, '0000-00-00', '2022-10-31 12:06:37'),
(271, 1, '0000-00-00', '2022-10-31 12:06:41'),
(272, 1, '0000-00-00', '2022-10-31 12:06:46'),
(273, 1, '0000-00-00', '2022-10-31 12:06:48'),
(274, 1, '0000-00-00', '2022-10-31 12:06:51'),
(275, 1, '0000-00-00', '2022-10-31 12:07:21'),
(276, 1, '0000-00-00', '2022-10-31 12:19:52'),
(277, 1, '0000-00-00', '2022-10-31 12:19:53'),
(278, 1, '0000-00-00', '2022-11-06 14:23:20'),
(279, 1, '0000-00-00', '2022-11-06 14:23:23'),
(280, 1, '0000-00-00', '2022-11-06 14:23:25'),
(281, 1, '0000-00-00', '2022-11-06 14:23:29'),
(282, 1, '0000-00-00', '2022-11-06 14:23:32'),
(283, 1, '0000-00-00', '2022-11-06 14:23:34'),
(284, 1, '0000-00-00', '2022-11-06 14:23:38'),
(285, 1, '0000-00-00', '2022-11-06 14:23:47'),
(286, 1, '0000-00-00', '2022-11-06 14:23:56'),
(287, 1, '0000-00-00', '2022-11-06 14:24:03'),
(288, 1, '0000-00-00', '2022-11-06 14:24:23'),
(289, 1, '0000-00-00', '2022-11-06 14:24:58'),
(290, 1, '0000-00-00', '2022-11-06 14:25:22'),
(291, 1, '0000-00-00', '2022-11-06 14:25:34'),
(292, 1, '0000-00-00', '2022-11-06 14:25:52'),
(293, 1, '0000-00-00', '2022-11-06 14:25:58'),
(294, 1, '0000-00-00', '2022-11-06 14:26:38'),
(295, 1, '0000-00-00', '2022-11-06 14:26:44'),
(296, 1, '0000-00-00', '2022-11-06 14:26:47'),
(297, 1, '0000-00-00', '2022-11-06 14:26:50'),
(298, 1, '0000-00-00', '2022-11-06 14:26:52'),
(299, 1, '0000-00-00', '2022-11-06 14:32:10'),
(300, 1, '0000-00-00', '2022-11-06 14:32:13');

-- --------------------------------------------------------

--
-- Table structure for table `tbl_page_active`
--

CREATE TABLE `tbl_page_active` (
  `user_id` int(11) NOT NULL,
  `page_name` varchar(100) NOT NULL,
  `timestamp` timestamp NOT NULL DEFAULT current_timestamp()
) ENGINE=InnoDB DEFAULT CHARSET=latin1;

--
-- Dumping data for table `tbl_page_active`
--

INSERT INTO `tbl_page_active` (`user_id`, `page_name`, `timestamp`) VALUES
(0, 'donate', '2022-11-06 14:32:15');

-- --------------------------------------------------------

--
-- Table structure for table `tbl_roles`
--

CREATE TABLE `tbl_roles` (
  `id` int(11) NOT NULL COMMENT 'role_id',
  `role` varchar(255) DEFAULT NULL COMMENT 'role_text'
) ENGINE=InnoDB DEFAULT CHARSET=utf8mb4;

--
-- Dumping data for table `tbl_roles`
--

INSERT INTO `tbl_roles` (`id`, `role`) VALUES
(1, 'User');

-- --------------------------------------------------------

--
-- Table structure for table `tbl_users`
--

CREATE TABLE `tbl_users` (
  `id` int(11) NOT NULL,
  `name` varchar(255) DEFAULT NULL,
  `username` varchar(255) DEFAULT NULL,
  `email` varchar(255) DEFAULT NULL,
  `password` varchar(255) DEFAULT NULL,
  `mobile` varchar(25) DEFAULT NULL,
  `roleid` tinyint(4) DEFAULT NULL,
  `isActive` tinyint(4) DEFAULT 0,
  `created_at` timestamp NOT NULL DEFAULT current_timestamp(),
  `updated_at` timestamp NOT NULL DEFAULT current_timestamp(),
  `last_login` datetime NOT NULL DEFAULT current_timestamp()
) ENGINE=InnoDB DEFAULT CHARSET=utf8mb4;

--
-- Dumping data for table `tbl_users`
--

INSERT INTO `tbl_users` (`id`, `name`, `username`, `email`, `password`, `mobile`, `roleid`, `isActive`, `created_at`, `updated_at`, `last_login`) VALUES
(1, 'เอลฟ์', 'user', 'user@test.com', '123456', '099-9999999', NULL, 0, '2020-02-06 05:08:26', '2020-02-06 05:08:26', '2022-11-06 21:07:27'),
(22, 'ทดสอบ 2', 'test', 'test@mail.com', 'P@ssw0rd', '123456', 3, 0, '2022-10-04 15:32:39', '2022-10-04 15:32:39', '2022-10-31 18:35:01'),
(23, 'Thipyuda', 'Dadar', 'Thipyudadada@gmail.com', 'da123', '0891061759', 3, 0, '2022-10-08 03:41:17', '2022-10-08 03:41:17', '2022-10-17 19:09:12'),
(24, '123456', '123456', '123456mail@mail.com', 'P@ssw0rd', '123456', 1, 0, '2022-10-17 13:21:05', '2022-10-17 13:21:05', '2022-10-17 20:27:31');

--
-- Indexes for dumped tables
--

--
-- Indexes for table `tbl_bottle`
--
ALTER TABLE `tbl_bottle`
  ADD PRIMARY KEY (`barcode`);

--
-- Indexes for table `tbl_donate`
--
ALTER TABLE `tbl_donate`
  ADD PRIMARY KEY (`running`);

--
-- Indexes for table `tbl_roles`
--
ALTER TABLE `tbl_roles`
  ADD PRIMARY KEY (`id`);

--
-- Indexes for table `tbl_users`
--
ALTER TABLE `tbl_users`
  ADD PRIMARY KEY (`id`);

--
-- AUTO_INCREMENT for dumped tables
--

--
-- AUTO_INCREMENT for table `tbl_donate`
--
ALTER TABLE `tbl_donate`
  MODIFY `running` int(50) NOT NULL AUTO_INCREMENT, AUTO_INCREMENT=301;

--
-- AUTO_INCREMENT for table `tbl_roles`
--
ALTER TABLE `tbl_roles`
  MODIFY `id` int(11) NOT NULL AUTO_INCREMENT COMMENT 'role_id', AUTO_INCREMENT=4;

--
-- AUTO_INCREMENT for table `tbl_users`
--
ALTER TABLE `tbl_users`
  MODIFY `id` int(11) NOT NULL AUTO_INCREMENT, AUTO_INCREMENT=25;
COMMIT;

/*!40101 SET CHARACTER_SET_CLIENT=@OLD_CHARACTER_SET_CLIENT */;
/*!40101 SET CHARACTER_SET_RESULTS=@OLD_CHARACTER_SET_RESULTS */;
/*!40101 SET COLLATION_CONNECTION=@OLD_COLLATION_CONNECTION */;
